Model,Accuracy,Precision,Recall,F1 Score,ROC AUC,Training Time (s),Prediction Time (s)
KNN,0.5,0.19148936170212766,0.42857142857142855,0.2647058823529412,0.48199216395418926,0.01396036148071289,6.267980575561523
Optimized KNN,0.465,0.18446601941747573,0.4523809523809524,0.2620689655172414,0.4743821579264617,0.10507512092590332,0.7721681594848633
SVM,0.465,0.21739130434782608,0.5952380952380952,0.3184713375796178,0.4867389993972272,0.30396389961242676,0.022047758102416992
Optimized SVM,0.21,0.21,1.0,0.34710743801652894,0.47453285111512955,0.35714077949523926,0.028141498565673828
Decision Tree,0.44,0.18181818181818182,0.47619047619047616,0.2631578947368421,0.43791440626883665,0.06906437873840332,0.001996278762817383
Optimized Decision Tree,0.5,0.22115384615384615,0.5476190476190477,0.3150684931506849,0.488170584689572,0.04514575004577637,0.0
Random Forest,0.55,0.2692307692307692,0.6666666666666666,0.3835616438356164,0.5878541289933695,0.4458458423614502,0.06986069679260254
Optimized Random Forest,0.48,0.22321428571428573,0.5952380952380952,0.3246753246753247,0.5441531042796866,0.20113635063171387,0.04896283149719238
